height,weight
73.84702,241.8936
68.7819,162.3105
74.11011,212.7409
71.73098,220.0425
69.8818,206 .3498
67.01895,152.2122
63.45649,183.9279
68.34852,167 . 97 11
67.01895,175.9294
63.45649,156 . 3997 
71.19538,186 . 6049
71.64081,213.7 412
64.76633,167 . 127 5 
69.28307,
69.24373,18 6 . 4342
67.64562,172. 18 69 
72.41832,196. 0285
63.97433,172.8835
69.64006,18 5 . 98 4 
67.936,18 2. 4266 
